Scenario,Flow,Iteration,SubIteration,Email,Password
LoopProject,LoopEx,1,1,AVI_4856593@gmail.com,Test 
LoopProject,LoopEx,1,2,AVI_6599666@gmail.com,Test 
LoopProject,LoopEx,1,3,AVI_4755357@gmail.com,Test 
LoopProject,LoopEx,1,4,AVI_5809102@gmail.com,Test 
LoopProject,LoopEx,1,5,AVI_6820117@gmail.com,Test 
LoopProject,LoopEx,1,6,AVI_8671226@gmail.com,Test 
LoopProject,LoopEx,1,7,AVI_8798642@gmail.com,Test 
LoopProject,LoopEx,1,8,AVI_1016054@gmail.com,Test 
LoopProject,LoopEx,1,9,AVI_2162515@gmail.com,Test 
LoopProject,LoopEx,1,10,AVI_8299617@gmail.com,Test 
LoopProject,LoopEx,1,11,AVI_4017687@gmail.com,Test 
LoopProject,LoopEx,1,12,AVI_4426447@gmail.com,Test 
